id,name,created_at,client_id
1,BionicPRO Hand #001,2024-01-14 11:17:00,2
2,BionicPRO Wrist #002,2024-03-13 11:06:00,6
3,BionicPRO Hand #003,2024-10-30 01:02:00,1
4,BionicPRO Hand #004,2024-04-21 19:32:00,5
5,BionicPRO Arm #005,2024-10-14 18:45:00,6
6,BionicPRO Ankle #006,2024-04-23 02:37:00,3
7,BionicPRO Arm #007,2025-01-23 17:44:00,4
8,BionicPRO Knee #008,2024-05-22 16:13:00,3
9,BionicPRO Hand #009,2024-02-18 00:06:00,3
10,BionicPRO Knee #010,2024-11-05 20:51:00,1
11,BionicPRO Foot #011,2024-10-01 15:59:00,4
12,BionicPRO Hand #012,2024-10-09 21:53:00,6
13,BionicPRO Knee #013,2024-10-22 18:45:00,1
14,BionicPRO Arm #014,2024-12-04 19:49:00,3
15,BionicPRO Hand #015,2025-03-13 19:55:00,1
16,BionicPRO Ankle #016,2024-05-23 02:40:00,3
17,BionicPRO Elbow #017,2024-07-08 23:13:00,6
18,BionicPRO Shoulder #018,2024-12-26 09:41:00,1
19,BionicPRO Elbow #019,2024-10-01 11:15:00,2
20,BionicPRO Foot #020,2024-07-13 20:59:00,6
21,BionicPRO Wrist #021,2024-12-16 22:53:00,1
22,BionicPRO Wrist #022,2025-02-24 13:51:00,3
23,BionicPRO Ankle #023,2024-05-17 14:13:00,5
24,BionicPRO Knee #024,2024-04-19 08:31:00,4
25,BionicPRO Foot #025,2024-03-14 20:08:00,2
26,BionicPRO Shoulder #026,2025-01-18 06:27:00,5
27,BionicPRO Ankle #027,2024-07-04 19:08:00,5
28,BionicPRO Foot #028,2024-02-16 13:55:00,1
29,BionicPRO Elbow #029,2024-11-17 17:50:00,6
30,BionicPRO Ankle #030,2024-11-01 14:24:00,4
31,BionicPRO Foot #031,2024-09-27 20:35:00,1
32,BionicPRO Hand #032,2024-12-16 05:48:00,3
33,BionicPRO Knee #033,2024-02-27 21:27:00,2
34,BionicPRO Foot #034,2024-01-03 11:56:00,6
35,BionicPRO Shoulder #035,2025-05-13 04:48:00,2
36,BionicPRO Hand #036,2025-03-22 08:19:00,6
37,BionicPRO Wrist #037,2024-03-19 23:48:00,2
38,BionicPRO Arm #038,2024-11-02 22:31:00,1
39,BionicPRO Hand #039,2025-04-20 23:56:00,3
40,BionicPRO Wrist #040,2024-01-30 19:56:00,5
41,BionicPRO Hand #041,2024-02-14 11:31:00,1
42,BionicPRO Elbow #042,2024-03-07 09:30:00,5
43,BionicPRO Elbow #043,2024-05-16 04:55:00,5
44,BionicPRO Ankle #044,2025-05-08 18:59:00,5
45,BionicPRO Wrist #045,2024-12-31 21:25:00,6
46,BionicPRO Knee #046,2024-08-13 04:28:00,1
47,BionicPRO Wrist #047,2024-04-25 14:21:00,1
48,BionicPRO Wrist #048,2024-10-28 19:00:00,1
49,BionicPRO Arm #049,2024-04-27 14:57:00,1
50,BionicPRO Knee #050,2024-02-07 04:15:00,3
51,BionicPRO Foot #051,2024-04-20 05:08:00,6
52,BionicPRO Foot #052,2024-05-05 03:51:00,4
53,BionicPRO Wrist #053,2024-02-18 15:42:00,4
54,BionicPRO Knee #054,2024-08-05 01:29:00,6
55,BionicPRO Arm #055,2024-12-11 08:41:00,1
56,BionicPRO Arm #056,2024-07-26 11:21:00,1
57,BionicPRO Wrist #057,2024-04-08 18:34:00,4
58,BionicPRO Elbow #058,2024-08-04 17:17:00,4
59,BionicPRO Wrist #059,2025-03-23 14:28:00,5
60,BionicPRO Hand #060,2024-01-27 08:34:00,1
61,BionicPRO Hand #061,2025-04-19 19:10:00,4
62,BionicPRO Foot #062,2024-09-03 18:55:00,4
63,BionicPRO Arm #063,2024-03-26 00:00:00,4
64,BionicPRO Shoulder #064,2025-04-20 02:18:00,4
65,BionicPRO Foot #065,2024-03-20 18:18:00,2
66,BionicPRO Arm #066,2024-10-24 11:34:00,1
67,BionicPRO Knee #067,2024-01-30 13:37:00,4
68,BionicPRO Elbow #068,2024-01-31 04:05:00,2
69,BionicPRO Hand #069,2024-10-31 14:43:00,2
70,BionicPRO Ankle #070,2024-03-03 06:15:00,5
71,BionicPRO Arm #071,2024-11-13 14:26:00,6
72,BionicPRO Knee #072,2025-04-23 20:13:00,6
73,BionicPRO Knee #073,2024-05-02 20:25:00,2
74,BionicPRO Shoulder #074,2024-08-22 22:59:00,1
75,BionicPRO Arm #075,2024-08-23 07:36:00,1
76,BionicPRO Hand #076,2024-10-02 18:32:00,3
77,BionicPRO Elbow #077,2025-04-22 23:56:00,1
78,BionicPRO Wrist #078,2024-07-08 21:10:00,4
79,BionicPRO Shoulder #079,2024-11-10 08:33:00,1
80,BionicPRO Shoulder #080,2025-04-23 09:06:00,2
81,BionicPRO Shoulder #081,2024-02-29 15:47:00,5
82,BionicPRO Elbow #082,2024-05-19 21:38:00,2
83,BionicPRO Knee #083,2024-04-15 09:40:00,3
84,BionicPRO Foot #084,2024-05-08 13:05:00,6
85,BionicPRO Ankle #085,2025-02-28 20:02:00,1
86,BionicPRO Knee #086,2025-01-29 16:40:00,3
87,BionicPRO Elbow #087,2025-01-15 02:35:00,6
88,BionicPRO Ankle #088,2024-10-14 12:07:00,1
89,BionicPRO Elbow #089,2024-10-06 13:53:00,3
90,BionicPRO Elbow #090,2024-08-08 16:02:00,3
91,BionicPRO Knee #091,2025-04-05 13:57:00,3
92,BionicPRO Wrist #092,2024-12-15 19:42:00,1
93,BionicPRO Knee #093,2025-02-04 05:56:00,4
94,BionicPRO Elbow #094,2025-04-18 19:55:00,2
95,BionicPRO Elbow #095,2025-03-28 01:01:00,2
96,BionicPRO Knee #096,2025-02-05 01:51:00,6
97,BionicPRO Wrist #097,2024-05-16 17:50:00,6
98,BionicPRO Hand #098,2024-07-14 13:54:00,4
99,BionicPRO Wrist #099,2024-04-13 02:22:00,3
100,BionicPRO Wrist #100,2024-04-24 12:42:00,2
